canonical_key,make,model,full_name,length_feet,source_video_count,source_video_ids,tag_count,all_tags,review_flags
aiata 38,Aiata,Wayfinder 38,Aiata Wayfinder 38,38.0,4,JVvYfGq1snQ;xFsdACnzjVc;5R-y9vIFh00;5YLnXc2I4oA,21,category:adventure | category:centre-console | category:power-catamaran | length_feet=38 ft | air_conditioning=true | bow_thruster=true | cruise_speed_knots=13 kn | drive_type=outboard | dynamic_positioning=true | engine_power_hp=400 hp | family_suitable=true | fishing_suitable=true | folding_balconies=true | fuel_capacity_l=800 L | generator=true | hull_form=power-catamaran | joystick_control=true | opening_sunroof=true | overnight_capable=true | solar=true | water_capacity_l=200 L,comparison_context_review
alaska 47 sedan,Alaska,47 SEDAN,Alaska 47 SEDAN,47.0,2,y45uh0_Q5wc;3ha-oKtKOcU,19,category:walkaround-day-boat | length_feet=47 ft | air_conditioning=true | beam_feet=26.25 ft | bow_thruster=true | cruise_speed_knots=6 kn | drive_type=ips-pod | drive_type=outboard | drive_type=shaft | engine_power_hp=480 hp | galley=true | generator=true | hull_form=rib | long_range_suitable=true | offshore_capable=true | overnight_capable=true | separate_shower=true | stern_thruster=true | watermaker=true,multiple_values_review;numeric_sanity_review
aquila 28,Aquila,Molokai 28,Aquila Molokai 28,28.0,2,SWSEu6foWFg;Tdg6hUmrFb8,7,category:power-catamaran | length_feet=28 ft | cruise_speed_knots=24.5 kn | hull_form=power-catamaran | long_range_suitable=true | max_observed_speed_knots=15 kn | offshore_capable=true,
aquila 47,Aquila,Molokai 47,Aquila Molokai 47,47.0,1,yoI6wnWMhrg,4,length_feet=47 ft | air_conditioning=true | offshore_capable=true | range_nm=800 nm,
azimut 53 fly,Azimut,53 FLY logical STEP,Azimut 53 FLY logical STEP,53.0,1,w4rmsJIbuSY,16,category:luxury-med-day-boat | category:walkaround-day-boat | length_feet=53 ft | air_conditioning=true | bow_thruster=true | cabins=3 count | crew_cabin=true | drive_type=ips-pod | family_suitable=true | galley=true | generator=true | hardtop=true | premium_styling=true | separate_shower=true | tender_garage=true | watersports_suitable=true,
azimut 60 fly,Azimut,60 FLY,Azimut 60 FLY,60.0,1,UzVuPEWY4o8,9,length_feet=60 ft | cruise_speed_knots=26 kn | drive_type=ips-pod | drive_type=shaft | engine_power_hp=900 hp | fuel_capacity_l=800 L | joystick_control=true | max_observed_speed_knots=20 kn | stern_thruster=true,multiple_values_review
azimut s6 sport fly,Azimut,S6 SPORT FLY,Azimut S6 SPORT FLY,59.1,2,nKCO9dl0Rtw;BywEZ7BNKLc,11,category:sport-yacht | length_feet=59.1 ft | air_conditioning=true | bow_thruster=true | drive_type=ips-pod | engine_count=3 count | engine_power_hp=550 hp | family_suitable=true | fuel_capacity_l=2600 L | max_observed_speed_knots=32 kn | premium_styling=true,
back cove 34o,Back Cove,34O,Back Cove 34O,34.0,2,1CRUlmHUL2Y;-eMiNeFveMc,12,category:walkaround-day-boat | length_feet=34 ft | air_conditioning=true | bow_thruster=true | cruise_speed_knots=25 kn | drive_type=outboard | drive_type=shaft | engine_power_hp=600 hp | generator=true | max_observed_speed_knots=7 kn | overnight_capable=true | premium_styling=true,multiple_values_review;numeric_sanity_review
back cove 390,Back Cove,390,Back Cove 390,39.0,1,1geTVgjJKTc,10,category:centre-console | category:weekender-commuter | length_feet=39 ft | cruise_speed_knots=30 kn | drive_type=ips-pod | drive_type=outboard | drive_type=shaft | drive_type=sterndrive | family_suitable=true | max_observed_speed_knots=7 kn,multiple_values_review;numeric_sanity_review
barbaros 33,Barbaros,33 lobster,Barbaros 33 lobster,33.0,2,H35AKVyRvs4;wwdD90jl8Vc,11,category:lobster-downeast | length_feet=33 ft | drive_type=ips-pod | drive_type=outboard | drive_type=shaft | engine_power_hp=340 hp | fuel_capacity_l=600 L | overnight_capable=true | stern_thruster=true | top_speed_knots=20 kn | walkaround_decks=true,comparison_context_review;multiple_values_review
belize 66 daybridge,Belize,66 daybridge,Belize 66 daybridge,66.0,2,dsx0pWapzMg;SArDpFV2viE,13,length_feet=66 ft | air_conditioning=true | bow_thruster=true | cabins=4 count | crew_cabin=configuration-dependent | drive_type=ips-pod | drive_type=outboard | engine_power_hp=1000 hp | galley=true | generator=true | opening_sunroof=true | separate_shower=true | tender_garage=true,configuration_dependent;multiple_values_review
beneteau 32 gran turismo,Beneteau,32 GRAN turismo,Beneteau 32 GRAN turismo,32.0,2,GY3rcRcwfHc;WsqDzwkFNFs,12,category:sports-cruiser | length_feet=32 ft | air_conditioning=true | bow_thruster=true | engine_power_hp=230 hp | fuel_capacity_l=800 L | galley=true | generator=true | max_observed_speed_knots=20 kn | opening_sunroof=true | overnight_capable=true | separate_shower=true,
beneteau 45 gran turismo,Beneteau,45 GRAN turismo,Beneteau 45 GRAN turismo,45.0,2,rUAtLUD1jmU;AvHZcGr5Uaw,15,category:sport-yacht | category:sports-cruiser | category:walkaround-day-boat | length_feet=45 ft | air_conditioning=true | bow_thruster=true | cabins=3 count | cruise_speed_knots=27 kn | drive_type=ips-pod | drive_type=sterndrive | galley=true | hull_form=rib | premium_styling=true | separate_shower=true | tender_garage=true,multiple_values_review
beneteau gt36,Beneteau,GT36 GIVES YOU,Beneteau GT36 GIVES YOU,36.0,2,F99W1d-Kd-k;8G9FJJPHQDI,12,category:sports-cruiser | category:walkaround-day-boat | length_feet=36 ft | air_conditioning=true | cabins=2 count | cruise_speed_knots=27 kn | drive_type=outboard | engine_power_hp=300 hp | fuel_capacity_l=48 L | galley=true | overnight_capable=true | separate_shower=true,numeric_sanity_review
beneteau gt41,Beneteau,GT41,Beneteau GT41,41.0,2,0rjO01hve44;I9jTfGBYnEI,15,category:sports-cruiser | category:weekender-commuter | length_feet=41 ft | air_conditioning=true | beach_club=true | cabins=3 count | drive_type=sterndrive | family_suitable=true | fuel_capacity_l=80 L | galley=true | generator=true | joystick_control=true | opening_sunroof=true | premium_styling=true | separate_shower=true,comparison_context_review
beneteau 41,Beneteau,SWIFT trawler 41,Beneteau SWIFT trawler 41,41.0,2,RtIxBYpkbcA;fsfHtoVBVDs,9,length_feet=41 ft | bow_thruster=true | crew_cabin=true | cruise_speed_knots=6 kn | drive_type=shaft | galley=true | generator=true | separate_shower=configuration-dependent | stern_thruster=true,configuration_dependent
bluegame bgx63,Bluegame,BGX63 IN thailand,Bluegame BGX63 IN thailand,63.0,2,1hCb5aJK73M;fAS1mdb1bHk,12,length_feet=63 ft | air_conditioning=true | beach_club=true | cabins=2 count | crew_cabin=true | cruise_speed_knots=23 kn | drive_type=ips-pod | engine_power_hp=900 hp | generator=true | hull_form=rib | overnight_capable=true | separate_shower=true,
boston whaler 330 vantage,Boston Whaler,330 vantage SAFETY SPACE,Boston Whaler 330 vantage SAFETY SPACE,33.0,2,c6PyinjcLDQ;3Ee3MGTvavY,11,category:bowrider-runabout | category:walkaround-day-boat | length_feet=33 ft | air_conditioning=true | cruise_speed_knots=29 kn | dynamic_positioning=true | enclosable_cockpit=true | generator=true | max_observed_speed_knots=43 kn | side_boarding_door=true | top_speed_knots=50 kn,
boston whaler 365 conquest,Boston Whaler,365 conquest,Boston Whaler 365 conquest,36.5,1,lAtcstXXx0k,7,length_feet=36.5 ft | air_conditioning=true | cruise_speed_knots=8 kn | dynamic_positioning=true | fishing_suitable=true | generator=true | max_observed_speed_knots=40 kn,
boston whaler 405 conquest,Boston Whaler,405 conquest,Boston Whaler 405 conquest,40.5,2,M6EyPDhCFos;Cdk1Cj2-f38,13,length_feet=40.5 ft | air_conditioning=true | cruise_speed_knots=27 kn | drive_type=ips-pod | drive_type=outboard | drive_type=shaft | dynamic_positioning=true | engine_count=2 count | engine_power_hp=600 hp | galley=true | generator=true | joystick_control=true | side_boarding_door=true,multiple_values_review
cantiere delle marche 102,Cantiere Delle Marche,Darwin 102,Cantiere Delle Marche Darwin 102,102.0,2,KBkfpbS3lCw;XzoKu_BS4Sw,12,category:explorer-expedition | length_feet=102 ft | cabins=2 count | crew_cabin=true | drive_type=outboard | galley=true | generator=true | long_range_suitable=true | quiet_ride=true | separate_shower=true | watermaker=true | watersports_suitable=true,
capelli 43,Capelli,stradivari 43,Capelli stradivari 43,43.0,2,1pFkxf_i6i8;BZG_rrmVzkY,10,category:walkaround-day-boat | length_feet=43 ft | beam_feet=11.81 ft | bow_thruster=true | cruise_speed_knots=28 kn | drive_type=outboard | fuel_capacity_l=700 L | hull_form=rib | overnight_capable=true | top_speed_knots=45.1 kn,
capelli 1000,Capelli,tempest 1000,Capelli tempest 1000,32.81,2,Vkg1QLa4qTQ;VmfvrEdpXPc,6,category:walkaround-day-boat | length_feet=32.81 ft | bow_thruster=true | engine_power_hp=300 hp | hull_form=rib | overnight_capable=true,
centouno navi 55,Centouno Navi,Vespro 55,Centouno Navi Vespro 55,54.13,2,Es3cI1nAbhE;NL0jVDGVpvc,17,length_feet=54.13 ft | air_conditioning=true | cruise_speed_knots=50 kn | drive_type=ips-pod | drive_type=outboard | drive_type=sterndrive | drive_type=surface-drive | drive_type=waterjet | engine_power_hp=200 hp | folding_balconies=true | galley=true | generator=true | hardtop=true | max_observed_speed_knots=51 kn | premium_styling=true | separate_shower=true | top_speed_knots=56 kn,comparison_context_review;multiple_values_review
chris craft 30,Chris-Craft,30 catalina,Chris-Craft 30 catalina,30.0,2,SZgo0Dbgis8;cwLfo1VRBxI,10,category:walkaround-day-boat | length_feet=30 ft | bow_thruster=true | cruise_speed_knots=34 kn | drive_type=outboard | engine_count=2 count | engine_power_hp=400 hp | fuel_capacity_l=500 L | premium_styling=true | water_capacity_l=117 L,
chris craft 35gt,Chris-Craft,35GT,Chris-Craft 35GT,35.0,2,7VJeCeJhwrc;W5EpZTuM2hc,10,category:walkaround-day-boat | length_feet=35 ft | bow_thruster=true | cruise_speed_knots=27.5 kn | drive_type=outboard | drive_type=sterndrive | engine_power_hp=430 hp | fuel_capacity_l=700 L | premium_styling=true | top_speed_knots=31 kn,multiple_values_review
chris craft 32,Chris-Craft,calypso 32,Chris-Craft calypso 32,32.0,1,XqfgfG1Aw48,5,length_feet=32 ft | air_conditioning=true | fishing_suitable=true | joystick_control=true | side_boarding_door=true,
chris craft 35,Chris-Craft,calypso 35 PURE excitement,Chris-Craft calypso 35 PURE excitement,35.0,2,GKuGj8W3XzM;Gh4cEhVwFk0,10,category:walkaround-day-boat | length_feet=35 ft | air_conditioning=true | drive_type=outboard | dynamic_positioning=true | engine_count=3 count | fishing_suitable=true | joystick_control=true | overnight_capable=true | premium_styling=true,
clb 65,CLB,65,CLB 65,65.0,2,D1weWDwVZAc;5z4RXhIV5sE,15,length_feet=65 ft | air_conditioning=true | crew_cabin=true | draft_feet=4.92 ft | drive_type=ips-pod | drive_type=outboard | fin_stabilisers=true | galley=true | generator=true | joystick_control=true | long_range_suitable=true | max_observed_speed_knots=20 kn | offshore_capable=true | separate_shower=true | watermaker=true,comparison_context_review;multiple_values_review
clipper 70,Clipper,cordova 70,Clipper cordova 70,70.0,2,6K5EijiGQuM;9d_JEx8XdkA,17,category:walkaround-day-boat | length_feet=70 ft | air_conditioning=true | cabins=4 count | crew_cabin=true | cruise_speed_knots=9.8 kn | drive_type=ips-pod | drive_type=shaft | engine_count=2 count | galley=true | generator=true | hardtop=true | hydraulic_swim_platform=true | joystick_control=true | long_range_suitable=true | opening_sunroof=true | stern_thruster=true,multiple_values_review
cranchi a46,Cranchi,A46 LUXURY TENDER,Cranchi A46 LUXURY TENDER,46.0,1,d5NVE_362bE,11,category:luxury-med-day-boat | category:walkaround-day-boat | length_feet=46 ft | air_conditioning=true | bow_thruster=true | drive_type=ips-pod | engine_power_hp=480 hp | galley=true | generator=true | overnight_capable=true | premium_styling=true,
deantonio d50 coupe,DeAntonio,D50 COUPE WHO,DeAntonio D50 COUPE WHO,50.0,1,ybP1GBQdrwY,9,category:walkaround-day-boat | length_feet=50 ft | air_conditioning=true | bow_thruster=true | engine_power_hp=600 hp | galley=true | offshore_capable=true | overnight_capable=true | separate_shower=true,
delta 33 open,Delta,33 OPEN,Delta 33 OPEN,33.0,2,1z8Ts0O4Igs;SAsdcNd8ems,13,category:walkaround-day-boat | length_feet=33 ft | air_conditioning=true | drive_type=outboard | dynamic_positioning=true | engine_power_hp=400 hp | galley=true | generator=true | hardtop=true | max_observed_speed_knots=30 kn | overnight_capable=true | premium_styling=true | separate_shower=true,
delta 48 coupe,Delta,48 COUPE,Delta 48 COUPE,48.0,1,yWG6fwGlooM,7,category:walkaround-day-boat | length_feet=48 ft | cabins=3 count | cruise_speed_knots=31 kn | engine_power_hp=200 hp | max_observed_speed_knots=33 kn | top_speed_knots=44 kn,
dromeas 28wa,Dromeas,28WA,Dromeas 28WA,28.0,2,zh8X9ow1Me8;IhRqai1VqsE,11,length_feet=28 ft | bow_thruster=true | cruise_speed_knots=27 kn | drive_type=outboard | dry_ride=true | engine_power_hp=300 hp | fuel_capacity_l=340 L | offshore_capable=true | overnight_capable=true | side_boarding_door=true | watersports_suitable=true,
duchy 27,Duchy,27,Duchy 27,27.0,1,l9-K08rUO3I,11,length_feet=27 ft | bow_thruster=true | drive_type=shaft | dry_ride=true | engine_power_hp=205 hp | galley=true | max_observed_speed_knots=18.8 kn | opening_sunroof=true | overnight_capable=true | premium_styling=true | solar=true,
duchy 35,Duchy,35 optioned,Duchy 35 optioned,35.0,3,ML3r08ofmbs;_pQTpxilzvo;6i7c3fgky6w,20,category:chase-tender | category:walkaround-day-boat | length_feet=35 ft | air_conditioning=true | bow_thruster=true | cabins=2 count | cruise_speed_knots=5.5 kn | drive_type=shaft | engine_count=2 count | engine_power_hp=350 hp | galley=true | generator=true | long_range_suitable=true | opening_sunroof=true | overnight_capable=true | range_nm=650 nm | separate_shower=true | stern_thruster=true | top_speed_knots=30 kn | water_capacity_l=300 L,
fairline f33,Fairline,F33,Fairline F33,33.0,2,jxc0Sk0T6qo;uq841919wS0,8,length_feet=33 ft | air_conditioning=true | bow_thruster=true | drive_type=outboard | drive_type=sterndrive | engine_power_hp=430 hp | galley=configuration-dependent | premium_styling=true,configuration_dependent;multiple_values_review
fairline 65 gto,Fairline,TARGA 65 GTO,Fairline TARGA 65 GTO,65.0,2,oNumNB8Mhyo;eb_llB5SAck,14,length_feet=65 ft | air_conditioning=true | cabins=4 count | crew_cabin=true | drive_type=shaft | galley=true | hull_form=rib | offshore_capable=true | opening_sunroof=true | premium_styling=true | separate_shower=true | stern_thruster=true | tender_garage=true | watersports_suitable=true,
fairline 65gto,Fairline,TARGA 65GTO,Fairline TARGA 65GTO,65.0,2,T-ugZZS9tnw;1qnENJvAxHI,15,category:sport-yacht | length_feet=65 ft | air_conditioning=true | beach_club=true | crew_cabin=true | cruise_speed_knots=20 kn | drive_type=ips-pod | drive_type=shaft | drive_type=surface-drive | fin_stabilisers=true | galley=true | hull_form=rib | premium_styling=true | separate_shower=true | tender_garage=true,multiple_values_review
fjord 38,Fjord,38 XPRESS,Fjord 38 XPRESS,38.0,2,GWTWusJx4VI;L80a-KaySbk,12,category:walkaround-day-boat | category:weekender-commuter | length_feet=38 ft | bow_thruster=true | cruise_speed_knots=33 kn | drive_type=outboard | fuel_capacity_l=760 L | max_observed_speed_knots=6 kn | offshore_capable=true | overnight_capable=true | premium_styling=true | top_speed_knots=43 kn,numeric_sanity_review
fjord 39xl,Fjord,39XL,Fjord 39XL,39.0,2,itSoR4Zai3k;UBeOFPxi0Kk,11,category:luxury-med-day-boat | category:walkaround-day-boat | length_feet=39 ft | air_conditioning=true | cruise_speed_knots=25 kn | drive_type=outboard | drive_type=sterndrive | engine_power_hp=440 hp | max_observed_speed_knots=28 kn | overnight_capable=true | separate_shower=true,multiple_values_review
fjord 40 open,Fjord,40 OPEN customized,Fjord 40 OPEN customized,40.0,2,IJgztXoHu08;D5YHLa2qnvk,8,category:walkaround-day-boat | length_feet=40 ft | cruise_speed_knots=26 kn | drive_type=ips-pod | drive_type=outboard | engine_power_hp=370 hp | max_observed_speed_knots=7 kn | solar=true,multiple_values_review;numeric_sanity_review
fjord 41xl,Fjord,41XL,Fjord 41XL,41.0,2,j5mU1AkuZew;mfK9MN7T6_M,15,category:chase-tender | category:luxury-med-day-boat | category:walkaround-day-boat | length_feet=41 ft | bow_thruster=true | drive_type=ips-pod | drive_type=sterndrive | engine_power_hp=370 hp | fishing_suitable=true | fuel_capacity_l=50 L | galley=true | generator=true | hull_form=rib | joystick_control=true | premium_styling=true,multiple_values_review
fjord 41xp,Fjord,41XP,Fjord 41XP,41.0,1,vK4V0OQs-6M,10,category:walkaround-day-boat | length_feet=41 ft | cruise_speed_knots=33.02 kn | drive_type=outboard | drive_type=sterndrive | dry_ride=true | dynamic_positioning=true | engine_power_hp=600 hp | joystick_control=true | overnight_capable=true,multiple_values_review
fjord 53xl,Fjord,53XL,Fjord 53XL,53.0,1,hiV2YiZ730I,4,category:walkaround-day-boat | length_feet=53 ft | cruise_speed_knots=25 kn | drive_type=ips-pod,
flipper 900st,Flipper,900ST,Flipper 900ST,90.0,2,-HWI25JEFMU;3MrYB-RPxyk,13,category:pilothouse-crossover | category:sports-cruiser | category:walkaround-day-boat | category:weekender-commuter | length_feet=90 ft | air_conditioning=true | bow_thruster=true | cruise_speed_knots=27 kn | drive_type=outboard | engine_power_hp=225 hp | overnight_capable=true | top_speed_knots=8 kn | water_capacity_l=100 L,numeric_sanity_review
four winns th36,Four Winns,TH36 catamaran,Four Winns TH36 catamaran,36.0,1,i4LumMvutRA,6,category:sports-cruiser | length_feet=36 ft | drive_type=sterndrive | family_suitable=true | max_observed_speed_knots=11 kn | offshore_capable=true,
frauscher 1017gt,Frauscher,1017GT,Frauscher 1017GT,33.37,2,ZQ1ATYwPU9s;UQ8HjgkEc80,6,category:walkaround-day-boat | length_feet=33.37 ft | bow_thruster=true | drive_type=sterndrive | galley=true | premium_styling=true,
frauscher 1212,Frauscher,1212 GHOST,Frauscher 1212 GHOST,39.76,1,U28T0RvYhlo,8,category:walkaround-day-boat | length_feet=39.76 ft | beach_club=true | bow_thruster=true | cruise_speed_knots=25 kn | drive_type=sterndrive | fuel_capacity_l=850 L | premium_styling=true,
frauscher 1414,Frauscher,1414 DEMON,Frauscher 1414 DEMON,46.39,2,lRJ2YM2fhWc;BemSngFIkmI,11,category:walkaround-day-boat | length_feet=46.39 ft | air_conditioning=true | drive_type=ips-pod | drive_type=sterndrive | engine_power_hp=440 hp | galley=true | max_observed_speed_knots=21 kn | overnight_capable=true | premium_styling=true | tender_garage=true,comparison_context_review;multiple_values_review
frauscher 850,Frauscher,x Porsche 850 Fantom Air,Frauscher x Porsche 850 Fantom Air,28.44,1,-ndiytdzPio,7,length_feet=28.44 ft | drive_type=electric | drive_type=sterndrive | engine_count=1 count | max_observed_speed_knots=23 kn | premium_styling=true | tender_garage=true,multiple_values_review
galeon 440,Galeon,440,Galeon 440,44.0,2,va5PeiL0JGY;M9aQt54wVB4,11,length_feet=44 ft | air_conditioning=true | berths=6 count | bow_thruster=true | cabins=3 count | drive_type=shaft | family_suitable=true | folding_balconies=true | galley=true | gyro_stabiliser=true | separate_shower=true,
grady white 325,Grady-White,freedom 325,Grady-White freedom 325,32.5,2,L1QsNQLdGc4;l6bMOU8sR1E,12,category:adventure | category:explorer-expedition | category:sports-cruiser | category:walkaround-day-boat | length_feet=32.5 ft | beam_feet=9.84 ft | bow_thruster=true | cruise_speed_knots=27 kn | drive_type=outboard | drive_type=surface-drive | engine_power_hp=700 hp | fishing_suitable=true,multiple_values_review
grady white 415,Grady-White,freedom 415,Grady-White freedom 415,41.5,2,GfvR3JhlcPo;6eXKjWYaDFw,17,category:flybridge-motor-yacht | category:sports-cruiser | category:walkaround-day-boat | length_feet=41.5 ft | air_conditioning=true | bow_thruster=true | cabins=4 count | cruise_speed_knots=6 kn | drive_type=outboard | engine_power_hp=15 hp | generator=true | joystick_control=true | max_observed_speed_knots=23 kn | offshore_capable=true | opening_sunroof=true | overnight_capable=true | premium_styling=true,
gulf craft 101,Gulf Craft,Nomad 101,Gulf Craft Nomad 101,101.0,3,YIKdcAvwrWU;uJBOFUd4WR8;ymDYHloBcW8,20,category:chase-tender | category:explorer-expedition | category:walkaround-day-boat | length_feet=101 ft | air_conditioning=true | beach_club=true | berths=10 count | cabins=5 count | crew_cabin=true | cruise_speed_knots=12 kn | drive_type=shaft | fishing_suitable=true | galley=true | heads=1 count | long_range_suitable=true | max_observed_speed_knots=10 kn | range_nm=700 nm | separate_shower=true | watermaker=true | watersports_suitable=true,
hampton 680,Hampton,680 comfort MEETS capability,Hampton 680 comfort MEETS capability,68.0,2,rp7pKK2nByk;oEfIP3ehCTI,14,length_feet=68 ft | air_conditioning=true | cabins=2 count | crew_cabin=true | cruise_speed_knots=11 kn | drive_type=shaft | engine_power_hp=33 hp | galley=true | generator=true | max_observed_speed_knots=16 kn | overnight_capable=true | separate_shower=true | stern_thruster=true | watermaker=true,
highfield 560 sport,Highfield,560 SPORT,Highfield 560 SPORT,18.37,1,6__BXlIL1H0,5,length_feet=18.37 ft | cruise_speed_knots=18 kn | engine_power_hp=115 hp | max_observed_speed_knots=20 kn | trailerable=true,
hydrolift x22,Hydrolift,X 22,Hydrolift X 22,22.0,1,-Lup_kioyU0,10,category:walkaround-day-boat | length_feet=22 ft | cruise_speed_knots=43 kn | displacement_kg=200 kg | engine_power_hp=225 hp | fuel_capacity_l=270 L | max_observed_speed_knots=27 kn | top_speed_knots=43 kn | trailerable=true | watersports_suitable=true,
hydrolift x26s,Hydrolift,X 26S,Hydrolift X 26S,26.0,2,I-10G7y9138;YcpMjnraaPU,6,length_feet=26 ft | bow_thruster=true | cruise_speed_knots=32 kn | engine_power_hp=600 hp | max_observed_speed_knots=51.1 kn | top_speed_knots=70 kn,
hydrolift x32dc,Hydrolift,X 32DC,Hydrolift X 32DC,32.0,1,WizAEW048xo,6,category:walkaround-day-boat | length_feet=32 ft | berths=3 count | max_observed_speed_knots=40 kn | overnight_capable=true | premium_styling=true,
hydrolift x32s,Hydrolift,X 32S,Hydrolift X 32S,32.0,1,NParwLuJWgs,3,length_feet=32 ft | cruise_speed_knots=27.5 kn | max_observed_speed_knots=47 kn,
iguana commuter,Iguana,Commuter,Iguana Commuter,30.18,2,ZfoqsZif_I8;i9fptQ9a884,14,category:amphibious | length_feet=30.18 ft | beach_club=true | cruise_speed_knots=25 kn | drive_type=outboard | engine_power_hp=200 hp | generator=true | hardtop=true | hull_form=amphibious | hull_form=rib | max_observed_speed_knots=36 kn | offshore_capable=true | premium_styling=true | trailerable=true,multiple_values_review
integrity 460sx,Integrity,460SX,Integrity 460SX,46.0,2,FEU4RPyK__g;d9mEmieOsaM,20,category:power-catamaran | length_feet=46 ft | air_conditioning=true | bow_thruster=true | cabins=2 count | draft_feet=13.12 ft | drive_type=hybrid | drive_type=shaft | engine_count=2 count | engine_power_hp=380 hp | galley=true | generator=false | great_loop_relevant=true | heads=2 count | hull_form=power-catamaran | opening_sunroof=true | quiet_ride=true | separate_shower=true | solar=true | stern_thruster=true,multiple_values_review
invictus gt320,Invictus,GT320,Invictus GT320,32.0,2,__gZa0esizo;FAkDPeC8H2w,9,category:walkaround-day-boat | length_feet=32 ft | bow_thruster=true | drive_type=outboard | drive_type=sterndrive | engine_power_hp=250 hp | overnight_capable=true | premium_styling=true | water_capacity_l=45 L,multiple_values_review
invictus tt420,Invictus,TT420,Invictus TT420,42.0,2,EbYnVD3SYpQ;N7qoI5YqASU,11,category:luxury-med-day-boat | category:sports-cruiser | category:walkaround-day-boat | length_feet=42 ft | air_conditioning=true | bow_thruster=true | drive_type=sterndrive | generator=true | joystick_control=true | offshore_capable=true | separate_shower=true,
iron 767,Iron,767,Iron 767,25.16,1,UIPGEkIDAbk,7,length_feet=25.16 ft | engine_power_hp=300 hp | fuel_capacity_l=250 L | hull_form=rib | top_speed_knots=50 kn | trailerable=true | watersports_suitable=true,
iron 907 coupe,Iron,907 COUPE,Iron 907 COUPE,29.76,2,bsiLzBDLmvo;AIJitwvGBws,10,length_feet=29.76 ft | air_conditioning=true | bow_thruster=configuration-dependent | cruise_speed_knots=30 kn | engine_count=1 count | engine_power_hp=400 hp | hull_form=rib | opening_sunroof=true | overnight_capable=true | trailerable=true,comparison_context_review;configuration_dependent
iron 907 open,Iron,907 OPEN,Iron 907 OPEN,29.76,2,TnzEmT_eXbo;WCPTmijWYUE,9,length_feet=29.76 ft | bow_thruster=true | cruise_speed_knots=30 kn | engine_power_hp=400 hp | fuel_capacity_l=80 L | hull_form=rib | premium_styling=true | top_speed_knots=46 kn | trailerable=true,
iron 827 coupe,Iron,BOATS 827 COUPE,Iron BOATS 827 COUPE,27.13,1,5rlSkvVstd8,11,category:pilothouse-crossover | length_feet=27.13 ft | bow_thruster=true | cruise_speed_knots=34 kn | dry_ride=true | engine_power_hp=400 hp | fishing_suitable=true | fuel_capacity_l=245 L | hull_form=rib | overnight_capable=true | trailerable=true,comparison_context_review
italboats 32gt,Italboats,32GT BETTER cheaper FASTER,Italboats 32GT BETTER cheaper FASTER,32.0,1,yO2hm6u7nok,7,category:walkaround-day-boat | length_feet=32 ft | bow_thruster=true | drive_type=outboard | drive_type=sterndrive | hull_form=rib | overnight_capable=false,multiple_values_review
jeanneau 10,Jeanneau,10.5WA S2,Jeanneau 10.5WA S2,34.45,2,Y8TR0FmKh1o;kIpFPjADR3M,13,category:centre-console | category:walkaround-day-boat | length_feet=34.45 ft | drive_type=outboard | family_suitable=true | fuel_capacity_l=800 L | generator=true | offshore_capable=true | opening_sunroof=true | overnight_capable=true | separate_shower=true | top_speed_knots=40 kn | water_capacity_l=30 L,
jeanneau 9,Jeanneau,CAP camarat 9.0CC,Jeanneau CAP camarat 9.0CC,29.53,2,KYsw6VqbxnI;FQZWZqQNvsE,9,length_feet=29.53 ft | bow_thruster=true | cruise_speed_knots=26 kn | drive_type=outboard | engine_power_hp=225 hp | family_suitable=true | fishing_suitable=true | fuel_capacity_l=270 L | offshore_capable=true,
jeanneau db37,Jeanneau,DB37,Jeanneau DB37,37.0,1,lTcwTRCK0z8,8,category:luxury-med-day-boat | category:sports-cruiser | category:walkaround-day-boat | length_feet=37 ft | drive_type=outboard | drive_type=sterndrive | overnight_capable=true | premium_styling=true,multiple_values_review
jeanneau db43,Jeanneau,DB43,Jeanneau DB43,43.0,1,etzOfFb45Zo,12,category:luxury-med-day-boat | category:walkaround-day-boat | length_feet=43 ft | air_conditioning=true | bow_thruster=true | drive_type=sterndrive | folding_balconies=true | generator=true | hydraulic_swim_platform=true | opening_sunroof=true | separate_shower=true | tender_garage=false,
jeanneau 1095,Jeanneau,MERRY FISHER 1095,Jeanneau MERRY FISHER 1095,35.93,2,MPZv_ycV-pw;IZVEBEHoOp8,16,category:centre-console | category:sports-cruiser | length_feet=35.93 ft | air_conditioning=true | bow_thruster=true | cabins=3 count | drive_type=outboard | engine_power_hp=300 hp | family_suitable=true | fuel_capacity_l=800 L | galley=true | max_observed_speed_knots=22 kn | offshore_capable=true | overnight_capable=true | separate_shower=true | water_capacity_l=260 L,
jeanneau 795 sport,Jeanneau,MERRY FISHER 795 SPORT,Jeanneau MERRY FISHER 795 SPORT,26.08,2,BLdD91-MeYQ;LEOWkv5GJ0E,8,category:walkaround-day-boat | length_feet=26.08 ft | cruise_speed_knots=24 kn | drive_type=outboard | engine_power_hp=250 hp | fuel_capacity_l=300 L | overnight_capable=true | trailerable=true,
koshi 51 gt,Koshi,51 GT,Koshi 51 GT,51.0,2,nUCgufOEERg;FaPFpmyQAw4,6,category:walkaround-day-boat | length_feet=51 ft | bow_thruster=true | cruise_speed_knots=56.48 kn | displacement_kg=2100 kg | fuel_capacity_l=200 L,
lancia aprea 52,Lancia Aprea,52 BEAUTY QUAD V12,Lancia Aprea 52 BEAUTY QUAD V12,52.0,2,zd3zHRdLx8s;GdORqXA19_g,15,category:walkaround-day-boat | length_feet=52 ft | air_conditioning=true | bow_thruster=true | cabins=2 count | drive_type=ips-pod | drive_type=outboard | drive_type=shaft | drive_type=surface-drive | dynamic_positioning=true | galley=true | generator=true | max_observed_speed_knots=48 kn | premium_styling=true | separate_shower=true,multiple_values_review
lomac 10,Lomac,10.5 adrenalina TWIN,Lomac 10.5 adrenalina TWIN,34.45,2,Av2ZRQtBwVo;d962mSaZ-vo,8,length_feet=34.45 ft | cruise_speed_knots=30 kn | engine_power_hp=400 hp | fuel_capacity_l=560 L | hull_form=rib | max_observed_speed_knots=45 kn | premium_styling=true | top_speed_knots=40 kn,
lomac 12,Lomac,12.5 GT,Lomac 12.5 GT,41.01,2,vs2-dFK6rxQ;0wSWJ8XxEfc,10,category:walkaround-day-boat | length_feet=41.01 ft | cruise_speed_knots=40 kn | engine_count=3 count | engine_power_hp=900 hp | fuel_capacity_l=650 L | hull_form=rib | joystick_control=true | overnight_capable=true | water_capacity_l=650 L,
lomac 8,Lomac,8.5 Gran Turismo,Lomac 8.5 Gran Turismo,27.89,2,g7EjccZHX1I;EU00EdVm5mY,12,category:walkaround-day-boat | length_feet=27.89 ft | bow_thruster=true | cruise_speed_knots=20.5 kn | displacement_kg=100 kg | engine_count=2 count | fuel_capacity_l=400 L | hull_form=rib | max_observed_speed_knots=27 kn | overnight_capable=true | premium_styling=true | watersports_suitable=true,
lomac 7,Lomac,adrenalina 7.0,Lomac adrenalina 7.0,22.97,3,8MHQNvnRkz8;F7RBs5S5y5E;4sj1IyXiPVE,9,category:walkaround-day-boat | length_feet=22.97 ft | drive_type=outboard | engine_power_hp=225 hp | hull_form=rib | max_observed_speed_knots=11 kn | offshore_capable=true | premium_styling=true | trailerable=true,
majesty 100,Majesty,100 YACHT,Majesty 100 YACHT,100.0,1,KahI742Toz4,12,category:luxury-rib | length_feet=100 ft | air_conditioning=true | beach_club=true | drive_type=shaft | engine_power_hp=1900 hp | folding_balconies=true | galley=true | hull_form=rib | separate_shower=true | tender_garage=true | watermaker=true,
majesty 111,Majesty,111,Majesty 111,111.0,2,EZUKf9jOvWU;d61qs1WXzm4,16,category:chase-tender | category:superyacht | category:walkaround-day-boat | length_feet=111 ft | air_conditioning=true | bow_thruster=true | cabins=2 count | crew_cabin=true | drive_type=shaft | family_suitable=true | galley=true | hull_form=rib | long_range_suitable=true | premium_styling=true | separate_shower=true | tender_garage=true,
majesty 120,Majesty,120,Majesty 120,120.0,3,E1qWjHm2XFs;QmZfichO60E;aCJpWzLvh9Y,15,category:chase-tender | category:walkaround-day-boat | length_feet=120 ft | air_conditioning=true | beach_club=true | bow_thruster=true | draft_feet=7.22 ft | drive_type=shaft | galley=true | generator=true | hull_form=rib | long_range_suitable=true | max_observed_speed_knots=20 kn | separate_shower=true | tender_garage=true,
majesty 72,Majesty,72,Majesty 72,72.0,2,4fr2Fwnoj50;xqfaEok0Kcw,8,length_feet=72 ft | air_conditioning=true | cabins=3 count | crew_cabin=true | dry_ride=true | galley=true | max_observed_speed_knots=26.7 kn | separate_shower=true,
marex 310,Marex,310 SUN cruiser,Marex 310 SUN cruiser,31.0,1,_7Lp8VZWjss,7,length_feet=31 ft | air_conditioning=true | bow_thruster=true | drive_type=sterndrive | enclosable_cockpit=true | engine_count=2 count | galley=true,
marex 330,Marex,330 SWEET SPOT,Marex 330 SWEET SPOT,33.0,2,PZIGg-ssJgY;8EFxr7OEIVo,19,length_feet=33 ft | air_conditioning=true | bow_thruster=true | cruise_speed_knots=16.5 kn | drive_type=outboard | drive_type=shaft | drive_type=sterndrive | dynamic_positioning=true | engine_count=2 count | family_suitable=true | galley=true | generator=true | great_loop_relevant=true | hull_form=rib | opening_sunroof=true | overnight_capable=true | separate_shower=true | solar=true | stern_thruster=true,comparison_context_review;multiple_values_review
marex 360,Marex,360 cabriolet cruiser,Marex 360 cabriolet cruiser,36.0,2,vAaz2fFkyEg;Zcj591OnN_A,12,length_feet=36 ft | bow_thruster=true | drive_type=outboard | drive_type=shaft | drive_type=sterndrive | engine_count=2 count | galley=true | generator=true | hull_form=rib | max_observed_speed_knots=24 kn | premium_styling=true | solar=true,multiple_values_review
marex 375,Marex,375 DESIGN STILL WORKS,Marex 375 DESIGN STILL WORKS,37.5,2,uQlQ_w9Fv9w;c-dsn5Cylp4,13,length_feet=37.5 ft | air_conditioning=true | bow_thruster=true | cruise_speed_knots=28 kn | drive_type=ips-pod | drive_type=shaft | drive_type=sterndrive | dynamic_positioning=true | engine_count=2 count | family_suitable=true | galley=true | opening_sunroof=true | separate_shower=true,multiple_values_review
marex 390,Marex,390,Marex 390,39.0,2,Nc1tD9BKy34;FDdbYeBoon4,21,length_feet=39 ft | air_conditioning=true | bow_thruster=true | cabins=2 count | cruise_speed_knots=25 kn | drive_type=shaft | drive_type=sterndrive | engine_count=2 count | engine_power_hp=320 hp | family_suitable=true | galley=true | generator=true | great_loop_relevant=true | gyro_stabiliser=true | max_observed_speed_knots=7 kn | opening_sunroof=true | overnight_capable=true | premium_styling=true | separate_shower=true | top_speed_knots=31 kn | watermaker=true,multiple_values_review;numeric_sanity_review
marex 440 gourmet,Marex,440 gourmet,Marex 440 gourmet,44.0,2,Af5wLDbPLK0;LcUVwXJBPB0,15,length_feet=44 ft | air_conditioning=true | bow_thruster=true | cabins=3 count | cruise_speed_knots=28 kn | drive_type=ips-pod | drive_type=outboard | drive_type=shaft | drive_type=sterndrive | dynamic_positioning=true | galley=true | gyro_stabiliser=true | opening_sunroof=true | separate_shower=true | solar=true,multiple_values_review
maritimo m50,Maritimo,M50,Maritimo M50,50.0,2,D0KYhF72RyE;vI4SSmK_Wx4,22,category:power-catamaran | length_feet=50 ft | air_conditioning=true | bow_thruster=true | drive_type=ips-pod | drive_type=outboard | drive_type=shaft | engine_power_hp=800 hp | fuel_capacity_l=700 L | galley=true | generator=true | gyro_stabiliser=true | heads=2 count | hull_form=power-catamaran | long_range_suitable=true | max_observed_speed_knots=17 kn | opening_sunroof=true | overnight_capable=true | separate_shower=true | stern_thruster=true | water_capacity_l=750 L | watermaker=true,multiple_values_review
maritimo m55,Maritimo,M55,Maritimo M55,55.0,2,an2S07_eHFc;1AWQw-jTmVw,18,category:chase-tender | category:flybridge-motor-yacht | length_feet=55 ft | air_conditioning=true | cabins=3 count | drive_type=ips-pod | drive_type=outboard | drive_type=shaft | enclosable_cockpit=true | engine_power_hp=800 hp | galley=true | heads=2 count | hull_form=rib | joystick_control=true | max_observed_speed_knots=10 kn | separate_shower=true | stern_thruster=true | tender_garage=true,multiple_values_review
monterey 298,Monterey,298,Monterey 298,29.8,2,nog3R0QGdxA;bMe8rPMGIhA,8,category:bowrider-runabout | category:walkaround-day-boat | length_feet=29.8 ft | engine_count=2 count | engine_power_hp=250 hp | max_observed_speed_knots=40 kn | offshore_capable=true | premium_styling=true,
monterey m45,Monterey,M 45,Monterey M 45,45.0,2,7sWZlR0L6aQ;UtcBaRYfgtA,6,length_feet=45 ft | drive_type=outboard | drive_type=sterndrive | engine_power_hp=300 hp | offshore_capable=false | premium_styling=true,multiple_values_review
navan c30,Navan,C30 WORTHY OF attention,Navan C30 WORTHY OF attention,30.0,2,M30WCMXfV0U;E_6gFmuTcV4,6,length_feet=30 ft | bow_thruster=true | cruise_speed_knots=28 kn | engine_power_hp=600 hp | max_observed_speed_knots=30 kn | opening_sunroof=true,
navan s30,Navan,S30 DEEP DIVE,Navan S30 DEEP DIVE,30.0,2,QhUUc9AyP_s;23-VOfgyNHQ,10,length_feet=30 ft | air_conditioning=true | bow_thruster=true | dynamic_positioning=true | engine_count=1 count | engine_power_hp=600 hp | max_observed_speed_knots=31 kn | overnight_capable=true | premium_styling=true | watersports_suitable=true,comparison_context_review
nimbus 305 coupe,Nimbus,305 COUPE,Nimbus 305 COUPE,30.5,2,Jf1ViYM7SH8;QrOnRQshdMI,11,category:walkaround-day-boat | length_feet=30.5 ft | bow_thruster=true | cabins=2 count | drive_type=outboard | drive_type=shaft | engine_count=1 count | engine_power_hp=220 hp | galley=true | offshore_capable=true | opening_sunroof=true,multiple_values_review
nimbus 495 flybridge,Nimbus,495 Flybridge,Nimbus 495 Flybridge,49.5,1,mUJNuaZkzss,17,category:luxury-med-day-boat | category:walkaround-day-boat | length_feet=49.5 ft | air_conditioning=true | berths=6 count | cabins=3 count | cruise_speed_knots=16 kn | drive_type=ips-pod | family_suitable=true | galley=true | gyro_stabiliser=true | joystick_control=true | separate_shower=true | solar=true | stern_thruster=true | top_speed_knots=29 kn | watermaker=true,
nimbus c11,Nimbus,C11,Nimbus C11,40.7,3,lAF1vzEwB2o;wrpAGMKRv20;UOmd3Mt6B1I,16,category:sports-cruiser | category:walkaround-day-boat | category:weekender-commuter | length_feet=40.7 ft | air_conditioning=true | bow_thruster=true | drive_type=outboard | drive_type=sterndrive | dynamic_positioning=true | engine_power_hp=400 hp | galley=true | gyro_stabiliser=true | joystick_control=true | long_range_suitable=true | max_observed_speed_knots=25 kn | premium_styling=true,multiple_values_review
nimbus t11,Nimbus,T11,Nimbus T11,40.7,2,7n22doa2AeY;6X-rR1c6jPk,13,category:walkaround-day-boat | category:weekender-commuter | length_feet=40.7 ft | beach_club=true | bow_thruster=true | cruise_speed_knots=22 kn | drive_type=outboard | engine_count=2 count | engine_power_hp=900 hp | max_observed_speed_knots=17 kn | offshore_capable=true | overnight_capable=true | separate_shower=configuration-dependent,configuration_dependent
nimbus t8,Nimbus,T8,Nimbus T8,26.2,1,Gz076ldDwk4,12,category:walkaround-day-boat | length_feet=26.2 ft | beam_feet=6.56 ft | bow_thruster=true | drive_type=outboard | dry_ride=true | engine_count=1 count | engine_power_hp=300 hp | family_suitable=true | overnight_capable=true | trailerable=true | water_capacity_l=50 L,
nimbus t9x,Nimbus,T9X,Nimbus T9X,30.8,2,-alL7nAJBbA;wqTTon-yi9w,11,category:walkaround-day-boat | length_feet=30.8 ft | bow_thruster=true | displacement_kg=2800 kg | drive_type=outboard | dry_ride=true | engine_count=2 count | engine_power_hp=300 hp | offshore_capable=true | overnight_capable=true | premium_styling=true,
nimbus w11,Nimbus,W11,Nimbus W11,40.7,2,ovN1byMhgqE;BTSQvDo-bqY,12,category:luxury-med-day-boat | category:sports-cruiser | category:walkaround-day-boat | length_feet=40.7 ft | air_conditioning=true | bow_thruster=true | cabins=2 count | cruise_speed_knots=24 kn | drive_type=ips-pod | drive_type=shaft | max_observed_speed_knots=40 kn | overnight_capable=true,multiple_values_review
nimbus w9,Nimbus,W9,Nimbus W9,30.8,2,4PfaTYL6JH4;nflgFZvaVOM,9,category:sports-cruiser | category:weekender-commuter | length_feet=30.8 ft | bow_thruster=true | drive_type=sterndrive | galley=true | joystick_control=true | max_observed_speed_knots=15 kn | opening_sunroof=true,
nordhavn n68,Nordhavn,N68 HERES everything,Nordhavn N68 HERES everything,68.0,2,5YrTcFlBOe4;uBxt0KRivLU,20,category:sports-cruiser | category:walkaround-day-boat | length_feet=68 ft | air_conditioning=true | bow_thruster=true | cruise_speed_knots=7.5 kn | drive_type=shaft | engine_count=1 count | engine_power_hp=425 hp | fishing_suitable=true | fuel_capacity_l=55 L | galley=true | generator=configuration-dependent | hardtop=true | hull_form=rib | long_range_suitable=true | separate_shower=true | solar=true | stern_thruster=true | watermaker=true,configuration_dependent
ocean alexander 45,Ocean Alexander,divergence 45,Ocean Alexander divergence 45,45.0,2,NFMPhmfB2yE;kZP3jQ-WYeQ,12,category:luxury-med-day-boat | category:walkaround-day-boat | length_feet=45 ft | air_conditioning=true | bow_thruster=true | displacement_kg=4000 kg | drive_type=outboard | engine_count=2 count | family_suitable=true | galley=true | generator=true | max_observed_speed_knots=12 kn,
omikron ot60,Omikron,OT 60,Omikron OT 60,60.0,2,h_UWIp8cpjA;0f_C5HHcN84,23,category:power-catamaran | category:walkaround-day-boat | category:weekender-commuter | length_feet=60 ft | air_conditioning=true | beach_club=true | bow_thruster=true | cabins=4 count | crew_cabin=true | cruise_speed_knots=10 kn | draft_feet=2 ft | drive_type=shaft | engine_power_hp=150 hp | galley=true | generator=true | great_loop_relevant=true | hull_form=power-catamaran | max_observed_speed_knots=8 kn | separate_shower=true | stern_thruster=configuration-dependent | water_capacity_l=600 L | watermaker=true | watersports_suitable=true,configuration_dependent;numeric_sanity_review
oryx 379,Oryx,379 YACHT,Oryx 379 YACHT,37.9,1,hkXasobdqDM,10,category:walkaround-day-boat | length_feet=37.9 ft | air_conditioning=true | drive_type=outboard | galley=true | generator=true | gyro_stabiliser=true | hardtop=true | overnight_capable=true | water_capacity_l=40 L,
parker 100,Parker,Sorrento 100,Parker Sorrento 100,34.38,1,zDqJ6ESgvLc,11,category:bowrider-runabout | category:sports-cruiser | length_feet=34.38 ft | air_conditioning=true | berths=6 count | cabins=1 count | drive_type=outboard | drive_type=sterndrive | fishing_suitable=true | overnight_capable=true | separate_shower=true,multiple_values_review
pearl 72,Pearl,72,Pearl 72,72.0,2,VRbfNR28Aaw;tjNEa1CccvY,14,category:walkaround-day-boat | length_feet=72 ft | air_conditioning=true | beach_club=true | crew_cabin=true | cruise_speed_knots=11 kn | drive_type=outboard | folding_balconies=true | fuel_capacity_l=200 L | galley=true | max_observed_speed_knots=11 kn | offshore_capable=true | separate_shower=true | tender_garage=true,
pearl 95,Pearl,95,Pearl 95,95.0,1,ANP3fbBA8fA,13,category:power-catamaran | category:walkaround-day-boat | length_feet=95 ft | air_conditioning=true | beach_club=true | cruise_speed_knots=18 kn | engine_power_hp=600 hp | galley=true | hull_form=power-catamaran | max_observed_speed_knots=10 kn | separate_shower=true | top_speed_knots=18 kn | watermaker=true,
prestige 420s,Prestige,420S,Prestige 420S,42.0,2,9EmEA4hscaA;YEJ26YPVwXQ,17,category:flybridge-motor-yacht | category:walkaround-day-boat | length_feet=42 ft | air_conditioning=true | cruise_speed_knots=12 kn | drive_type=ips-pod | drive_type=outboard | drive_type=shaft | drive_type=sterndrive | dry_ride=true | engine_power_hp=425 hp | family_suitable=true | fuel_capacity_l=600 L | galley=true | generator=true | max_observed_speed_knots=8 kn | separate_shower=true,multiple_values_review;numeric_sanity_review
prestige m48,Prestige,M48,Prestige M48,48.0,2,_EmREu0Xnt8;2vsPPXpaRFk,13,category:power-catamaran | category:walkaround-day-boat | length_feet=48 ft | air_conditioning=true | crew_cabin=true | drive_type=outboard | drive_type=shaft | drive_type=sterndrive | engine_power_hp=320 hp | galley=true | hull_form=power-catamaran | overnight_capable=true | separate_shower=true,comparison_context_review;multiple_values_review
princess s66,Princess,S66,Princess S66,66.0,3,ElMLwgEnEOc;P7Tiejod6bI;HtAPiMxvi5o,17,category:sport-yacht | length_feet=66 ft | air_conditioning=true | cabins=4 count | crew_cabin=true | cruise_speed_knots=18.3 kn | drive_type=outboard | drive_type=shaft | engine_power_hp=1400 hp | fuel_capacity_l=837 L | galley=true | heads=3 count | max_observed_speed_knots=22 kn | premium_styling=true | stern_thruster=true | tender_garage=true | water_capacity_l=837 L,multiple_values_review
princess v40,Princess,V40,Princess V40,40.0,2,0g3JHqhJlXw;u-uYYgXesl4,17,category:sport-yacht | category:sports-cruiser | category:walkaround-day-boat | category:weekender-commuter | length_feet=40 ft | berths=6 count | bow_thruster=true | cruise_speed_knots=24.5 kn | drive_type=sterndrive | engine_power_hp=340 hp | galley=true | generator=true | max_observed_speed_knots=22 kn | opening_sunroof=true | premium_styling=true | separate_shower=true | top_speed_knots=27 kn,
princess v65,Princess,V65,Princess V65,65.0,2,Ut8cXiFvIMg;yjdOpZg4VEg,14,length_feet=65 ft | air_conditioning=true | cabins=4 count | drive_type=ips-pod | drive_type=shaft | engine_power_hp=1400 hp | fishing_suitable=true | galley=true | max_observed_speed_knots=30 kn | overnight_capable=true | premium_styling=true | separate_shower=true | tender_garage=true | watermaker=true,multiple_values_review
princess y72,Princess,Y72,Princess Y72,72.0,2,iBaHDKkrVbc;x_nDvAgbwTg,12,length_feet=72 ft | air_conditioning=true | beach_club=true | cabins=4 count | crew_cabin=true | drive_type=ips-pod | drive_type=outboard | drive_type=shaft | fin_stabilisers=true | galley=true | generator=true | watermaker=true,comparison_context_review;multiple_values_review
quarken 27 cabin,Quarken,27 CABIN,Quarken 27 CABIN,27.0,2,uSxsWpCpmiM;A0Qo_iP2xPw,11,category:walkaround-day-boat | length_feet=27 ft | air_conditioning=true | bow_thruster=true | cruise_speed_knots=29.5 kn | dry_ride=true | engine_power_hp=300 hp | family_suitable=true | max_observed_speed_knots=35.8 kn | opening_sunroof=true | overnight_capable=true,
quarken 27 t top,Quarken,27 T-Top,Quarken 27 T-Top,27.0,2,QkTHrT6e1Po;d_Cp9CPRsv8,8,length_feet=27 ft | berths=2 count | bow_thruster=true | cruise_speed_knots=27 kn | dry_ride=true | engine_power_hp=300 hp | top_speed_knots=43.5 kn | watersports_suitable=true,
quarken 27,Quarken,27 YACHT,Quarken 27 YACHT,27.0,1,DBN7pmLUluw,4,length_feet=27 ft | bow_thruster=true | overnight_capable=true | watersports_suitable=true,
quarken 35 cabin,Quarken,35 Cabin,Quarken 35 Cabin,35.0,2,MrrCoWt3Dl0;sV754B4Pedc,11,category:sports-cruiser | category:walkaround-day-boat | length_feet=35 ft | bow_thruster=true | cruise_speed_knots=25 kn | drive_type=sterndrive | engine_count=2 count | max_observed_speed_knots=43 kn | offshore_capable=true | opening_sunroof=true | overnight_capable=true,
quarken 35 gt,Quarken,35 GT,Quarken 35 GT,35.0,1,90HoWmj_HSE,5,category:centre-console | category:sports-cruiser | length_feet=35 ft | air_conditioning=true | bow_thruster=true,
quarken 35 sport tourer,Quarken,35 SPORT TOURER,Quarken 35 SPORT TOURER,35.0,2,KPB5EYSyx84;jl4y-Up6djE,10,category:sports-cruiser | category:walkaround-day-boat | length_feet=35 ft | dry_ride=true | engine_count=2 count | engine_power_hp=350 hp | galley=true | joystick_control=true | overnight_capable=true | watersports_suitable=true,
rafnar 1100,Rafnar,1100,Rafnar 1100,36.09,2,Qi0w-FwkuX4;QDaI7S4rnoo,10,category:explorer-expedition | length_feet=36.09 ft | air_conditioning=true | cruise_speed_knots=30 kn | engine_count=3 count | engine_power_hp=300 hp | fuel_capacity_l=900 L | hull_form=rib | premium_styling=true | water_capacity_l=50 L,
regal 33xo,Regal,33XO,Regal 33XO,33.0,2,E-mhIEMoF-k;MZaj0SGOdLI,15,category:bowrider-runabout | category:sports-cruiser | length_feet=33 ft | bow_thruster=true | cabins=2 count | cruise_speed_knots=37.5 kn | drive_type=outboard | drive_type=sterndrive | engine_count=2 count | engine_power_hp=300 hp | fuel_capacity_l=568 L | galley=true | joystick_control=true | overnight_capable=true | separate_shower=true,multiple_values_review
regal 36xo,Regal,36XO,Regal 36XO,36.0,2,Nico8t29Qi8;OuIuHLTog5c,13,category:bowrider-runabout | category:sports-cruiser | length_feet=36 ft | air_conditioning=true | bow_thruster=true | cruise_speed_knots=23 kn | drive_type=outboard | family_suitable=true | galley=true | generator=true | opening_sunroof=true | premium_styling=true | separate_shower=true,
regal 38 sav,Regal,38 SAV,Regal 38 SAV,38.0,2,nPI62mFzKgs;jVRnXeDVrPA,13,category:sport-yacht | category:walkaround-day-boat | length_feet=38 ft | air_conditioning=true | cabins=4 count | cruise_speed_knots=27 kn | drive_type=outboard | family_suitable=true | joystick_control=true | max_observed_speed_knots=45 kn | separate_shower=true | top_speed_knots=46 kn | watersports_suitable=true,comparison_context_review
regal 43lx,Regal,43LX,Regal 43LX,43.0,2,ELs8n_HPcvs;Q4XS5dy35nE,14,category:luxury-med-day-boat | category:walkaround-day-boat | length_feet=43 ft | air_conditioning=true | bow_thruster=true | drive_type=outboard | dynamic_positioning=true | folding_balconies=true | generator=true | gyro_stabiliser=true | hardtop=true | max_observed_speed_knots=31 kn | opening_sunroof=true | overnight_capable=true,
regulator 41,Regulator,41,Regulator 41,41.0,2,lRLScuutPyY;TwOIrAeC5tE,10,category:chase-tender | category:walkaround-day-boat | length_feet=41 ft | air_conditioning=true | dynamic_positioning=true | engine_power_hp=1700 hp | fishing_suitable=true | galley=true | max_observed_speed_knots=20 kn | side_boarding_door=true,
riviera 395,Riviera,395 SUV,Riviera 395 SUV,39.5,1,w2Lsm_qlOVU,6,length_feet=39.5 ft | air_conditioning=true | drive_type=outboard | galley=true | generator=true | separate_shower=true,
riviera 4300 sports express,Riviera,4300 SPORTS express,Riviera 4300 SPORTS express,43.0,2,api0oikCbkE;CyM89D6-P0c,22,category:bowrider-runabout | category:centre-console | category:sports-cruiser | category:walkaround-day-boat | length_feet=43 ft | air_conditioning=true | berths=1 count | bow_thruster=true | cruise_speed_knots=40 kn | drive_type=ips-pod | drive_type=outboard | dynamic_positioning=true | engine_power_hp=650 hp | family_suitable=true | galley=true | generator=true | offshore_capable=true | opening_sunroof=true | overnight_capable=true | separate_shower=true | tender_garage=true | watersports_suitable=true,comparison_context_review;multiple_values_review
riviera 46 smy,Riviera,46 SPORT MOTOR YACHT,Riviera 46 SPORT MOTOR YACHT,46.0,1,YT0Miz8tKDA,7,category:sport-yacht | category:walkaround-day-boat | length_feet=46 ft | drive_type=outboard | dynamic_positioning=true | generator=true | max_observed_speed_knots=8 kn,numeric_sanity_review
riviera 4600 sport,Riviera,4600 SPORT YACHT platinum,Riviera 4600 SPORT YACHT platinum,46.0,2,xXMcBsBHnYY;DICEdZh68JU,18,category:sport-yacht | length_feet=46 ft | air_conditioning=true | cruise_speed_knots=28 kn | drive_type=ips-pod | drive_type=outboard | engine_power_hp=600 hp | fuel_capacity_l=100 L | galley=true | generator=true | hull_form=rib | offshore_capable=true | opening_sunroof=true | premium_styling=true | separate_shower=true | tender_garage=true | water_capacity_l=300 L | watermaker=true,comparison_context_review;multiple_values_review
riviera 465,Riviera,465 SUV,Riviera 465 SUV,46.5,2,wY1AV5aueQw;8U4e7Wp2NDI,19,category:luxury-med-day-boat | category:sport-yacht | category:sports-cruiser | category:walkaround-day-boat | length_feet=46.5 ft | air_conditioning=true | cabins=3 count | cruise_speed_knots=27 kn | drive_type=ips-pod | drive_type=outboard | dynamic_positioning=true | engine_power_hp=800 hp | galley=true | heads=2 count | hydraulic_swim_platform=true | max_observed_speed_knots=33 kn | opening_sunroof=true | separate_shower=true | watersports_suitable=true,multiple_values_review
riviera 50 smy,Riviera,50 SPORTS MOTOR YACHT,Riviera 50 SPORTS MOTOR YACHT,50.0,2,bOE_SBXopnI;9zX04y2BhDQ,12,category:walkaround-day-boat | length_feet=50 ft | air_conditioning=true | cabins=3 count | drive_type=ips-pod | drive_type=outboard | dynamic_positioning=true | galley=true | generator=true | long_range_suitable=true | max_observed_speed_knots=9.5 kn | separate_shower=true,multiple_values_review;numeric_sanity_review
riviera 505,Riviera,505 SUV,Riviera 505 SUV,50.5,2,WFW2DJlvG88;AXrtpnlyRp0,14,category:sport-yacht | length_feet=50.5 ft | air_conditioning=true | drive_type=ips-pod | dynamic_positioning=true | engine_power_hp=725 hp | fuel_capacity_l=200 L | galley=true | generator=true | hull_form=rib | separate_shower=true | tender_garage=false | top_speed_knots=29 kn | watersports_suitable=true,comparison_context_review
riviera 5400 sport,Riviera,5400 SPORT YACHT platinum,Riviera 5400 SPORT YACHT platinum,54.0,2,F-dYQPUMKpM;q1oL0tWZ6Pk,16,category:sport-yacht | length_feet=54 ft | air_conditioning=true | berths=6 count | drive_type=ips-pod | drive_type=outboard | drive_type=shaft | engine_count=1 count | engine_power_hp=725 hp | galley=true | offshore_capable=true | premium_styling=true | quiet_ride=true | tender_garage=true | water_capacity_l=800 L | watermaker=true,comparison_context_review;multiple_values_review
riviera 5600 sport,Riviera,5600 SPORT YACHT platinum,Riviera 5600 SPORT YACHT platinum,56.0,2,bwRFIL0L0SU;-vtAh57dQ8Q,20,category:explorer-expedition | category:sport-yacht | length_feet=56 ft | air_conditioning=true | drive_type=ips-pod | drive_type=outboard | dynamic_positioning=true | engine_power_hp=725 hp | galley=true | generator=true | gyro_stabiliser=true | heads=2 count | hull_form=rib | max_observed_speed_knots=20 kn | opening_sunroof=true | overnight_capable=true | premium_styling=true | tender_garage=true | water_capacity_l=800 L | watermaker=true,multiple_values_review
riviera 58 smy,Riviera,58 SPORTS MOTOR YACHT,Riviera 58 SPORTS MOTOR YACHT,58.0,2,gpfXmX06B1A;yaPUT7jed6c,11,length_feet=58 ft | air_conditioning=configuration-dependent | cabins=1 count | crew_cabin=true | drive_type=ips-pod | drive_type=outboard | dynamic_positioning=true | fishing_suitable=true | galley=true | generator=true | overnight_capable=true,configuration_dependent;multiple_values_review
riviera 585,Riviera,585 SUV,Riviera 585 SUV,58.5,2,XoGRBRQfy1k;_u3gicL-p-c,14,length_feet=58.5 ft | air_conditioning=true | bow_thruster=true | crew_cabin=true | drive_type=electric | drive_type=ips-pod | dynamic_positioning=true | galley=true | generator=true | max_observed_speed_knots=37 kn | offshore_capable=true | separate_shower=true | watermaker=true | watersports_suitable=true,multiple_values_review
riviera 6000 sport,Riviera,6000 SPORT YACHT platinum,Riviera 6000 SPORT YACHT platinum,60.0,2,UdidCQLzrmI;DswdmmPDxIw,21,category:sport-yacht | category:sports-cruiser | length_feet=60 ft | air_conditioning=true | crew_cabin=true | drive_type=ips-pod | drive_type=outboard | drive_type=shaft | dynamic_positioning=true | engine_count=3 count | galley=true | generator=true | great_loop_relevant=true | hull_form=rib | max_observed_speed_knots=20 kn | offshore_capable=true | overnight_capable=true | premium_styling=true | separate_shower=true | tender_garage=true | watersports_suitable=true,multiple_values_review
riviera 64 smy,Riviera,64 SMY BUILT,Riviera 64 SMY BUILT,64.0,3,hyjTupATGPE;unVHRkF07YA;FoxhmrcP40A,20,category:flybridge-motor-yacht | category:power-catamaran | category:sport-yacht | category:sports-cruiser | length_feet=64 ft | air_conditioning=true | crew_cabin=true | drive_type=ips-pod | drive_type=outboard | drive_type=shaft | dynamic_positioning=true | galley=true | hull_form=power-catamaran | hydraulic_swim_platform=true | long_range_suitable=true | opening_sunroof=true | overnight_capable=true | separate_shower=true | tender_garage=false | watermaker=true,comparison_context_review;multiple_values_review
riviera 645,Riviera,645 SUV,Riviera 645 SUV,64.5,2,GsL3bH5HEb8;slIk8CX7vwA,22,category:bowrider-runabout | category:sport-yacht | category:sports-cruiser | length_feet=64.5 ft | air_conditioning=true | bow_thruster=true | cabins=3 count | crew_cabin=true | drive_type=ips-pod | drive_type=shaft | drive_type=sterndrive | dynamic_positioning=true | fishing_suitable=true | galley=true | generator=true | gyro_stabiliser=true | long_range_suitable=true | max_observed_speed_knots=7 kn | opening_sunroof=true | separate_shower=true | watermaker=true | watersports_suitable=true,multiple_values_review;numeric_sanity_review
riviera 6800 sport,Riviera,6800 SPORT YACHT platinum,Riviera 6800 SPORT YACHT platinum,68.0,2,YYKOsHAXlKY;afcr6z9YUSg,15,category:sport-yacht | length_feet=68 ft | air_conditioning=true | beach_club=true | crew_cabin=true | drive_type=ips-pod | dynamic_positioning=true | family_suitable=true | fin_stabilisers=true | galley=true | generator=true | hull_form=amphibious | hull_form=rib | premium_styling=true | tender_garage=true,multiple_values_review
riviera 78my,Riviera,78MY,Riviera 78MY,78.0,1,pgeQG6xxPVg,12,length_feet=78 ft | air_conditioning=true | crew_cabin=true | cruise_speed_knots=12 kn | drive_type=ips-pod | drive_type=outboard | drive_type=shaft | dynamic_positioning=true | long_range_suitable=true | overnight_capable=true | separate_shower=true | watermaker=true,multiple_values_review
ryck 280,Ryck,280 adventure,Ryck 280 adventure,28.0,4,Y3lcGO80hNk;bOkgYgCpNM0;O_yD4VlsvaU;o9K7-6r7K_k,15,category:luxury-med-day-boat | category:sports-cruiser | category:walkaround-day-boat | length_feet=28 ft | bow_thruster=true | cruise_speed_knots=28 kn | drive_type=outboard | drive_type=sterndrive | engine_power_hp=350 hp | fuel_capacity_l=300 L | hull_form=rib | offshore_capable=true | overnight_capable=true | premium_styling=true | top_speed_knots=40 kn,multiple_values_review
sabre 43 salon express,Sabre,43 SALON express,Sabre 43 SALON express,43.0,2,WG5nHIQJHJM;u_qVXL3uOmU,12,category:sports-cruiser | length_feet=43 ft | air_conditioning=configuration-dependent | cruise_speed_knots=25.5 kn | drive_type=ips-pod | drive_type=shaft | engine_power_hp=440 hp | galley=true | opening_sunroof=true | overnight_capable=true | premium_styling=true | top_speed_knots=33 kn,configuration_dependent;multiple_values_review
sabre 45 salon express,Sabre,45 SALON express WOW,Sabre 45 SALON express WOW,45.0,2,01yq8EJnbXo;4Txog5k_Cuw,16,category:lobster-downeast | category:sport-yacht | category:walkaround-day-boat | length_feet=45 ft | air_conditioning=true | cruise_speed_knots=26 kn | drive_type=ips-pod | engine_power_hp=435 hp | galley=true | generator=true | hull_form=rib | long_range_suitable=true | overnight_capable=true | separate_shower=true | top_speed_knots=33 kn | watermaker=true,
sabre 58 salon express,Sabre,58 SALON express DOWN,Sabre 58 SALON express DOWN,58.0,2,SjdyA_XvLs4;GKz_bpCxQfc,18,category:walkaround-day-boat | length_feet=58 ft | air_conditioning=true | bow_thruster=true | cabins=3 count | cruise_speed_knots=27 kn | drive_type=ips-pod | drive_type=shaft | engine_power_hp=950 hp | family_suitable=true | galley=true | generator=true | heads=3 count | joystick_control=true | long_range_suitable=true | max_observed_speed_knots=27 kn | offshore_capable=true | premium_styling=true,multiple_values_review
sacs 47 rebel,SACS,47 REBEL,SACS 47 REBEL,47.0,2,BjjYML1b3Wk;ElSAG9e86HM,15,category:sport-yacht | length_feet=47 ft | cruise_speed_knots=26 kn | drive_type=outboard | drive_type=sterndrive | engine_power_hp=600 hp | galley=true | generator=true | hull_form=rib | max_observed_speed_knots=25 kn | overnight_capable=true | premium_styling=true | stern_thruster=true | top_speed_knots=32 kn | watersports_suitable=true,multiple_values_review
sacs 11,SACS,Strider 11,SACS Strider 11,36.81,2,B_tvQOJzSeI;i11O__889qg,10,category:weekender-commuter | length_feet=36.81 ft | bow_thruster=true | cruise_speed_knots=30 kn | drive_type=outboard | hull_form=rib | offshore_capable=true | overnight_capable=true | premium_styling=true | watersports_suitable=true,
sargo 28,Sargo,28,Sargo 28,28.0,2,AIFykW7Q6UU;dBlL3uhwcxg,18,length_feet=28 ft | air_conditioning=true | bow_thruster=true | cabins=2 count | drive_type=outboard | drive_type=shaft | drive_type=sterndrive | engine_count=1 count | engine_power_hp=300 hp | fuel_capacity_l=25 L | galley=true | generator=true | hull_form=rib | joystick_control=true | opening_sunroof=true | overnight_capable=true | premium_styling=true | trailerable=true,comparison_context_review;multiple_values_review;numeric_sanity_review
sargo 45,Sargo,45,Sargo 45,45.0,2,msCELOAmCbU;qtSn8sfeSBI,18,length_feet=45 ft | air_conditioning=true | cabins=3 count | crew_cabin=true | drive_type=ips-pod | drive_type=sterndrive | dynamic_positioning=true | family_suitable=true | fuel_capacity_l=100 L | galley=true | generator=true | hydraulic_swim_platform=true | long_range_suitable=true | max_observed_speed_knots=24 kn | offshore_capable=true | opening_sunroof=true | separate_shower=true | watersports_suitable=true,multiple_values_review
saxdor 200,Saxdor,200 PRO SPORT DAN,Saxdor 200 PRO SPORT DAN,20.0,2,6NUR5wNsR_c;iDtUptZrsBM,9,category:chase-tender | length_feet=20 ft | cruise_speed_knots=27 kn | engine_power_hp=175 hp | hardtop=true | overnight_capable=true | top_speed_knots=44 kn | trailerable=true | watersports_suitable=true,
saxdor 200 sport,Saxdor,200 SPORT,Saxdor 200 SPORT,20.0,2,EFoPNXo4GmI;b7VunlseW-w,5,category:bowrider-runabout | category:walkaround-day-boat | length_feet=20 ft | cruise_speed_knots=15 kn | engine_power_hp=150 hp,comparison_context_review
saxdor 205,Saxdor,205,Saxdor 205,20.5,1,x7yXdXvWwGE,5,category:walkaround-day-boat | length_feet=20.5 ft | cruise_speed_knots=28.5 kn | engine_power_hp=115 hp | fuel_capacity_l=110 L,
saxdor 270,Saxdor,270,Saxdor 270,27.0,2,56cgO1GDCoA;cRBdO9YR6gc,11,length_feet=27 ft | air_conditioning=true | bow_thruster=true | cruise_speed_knots=27 kn | engine_power_hp=300 hp | fuel_capacity_l=300 L | max_observed_speed_knots=40 kn | overnight_capable=true | premium_styling=true | top_speed_knots=36 kn | water_capacity_l=55 L,
saxdor 320 gtc,Saxdor,320 GTC,Saxdor 320 GTC,32.0,2,RWGPhqUbPww;ZFmsJBLbkGc,9,category:weekender-commuter | length_feet=32 ft | beam_feet=32 ft | bow_thruster=true | cruise_speed_knots=31.5 kn | folding_balconies=true | max_observed_speed_knots=37 kn | opening_sunroof=true | premium_styling=true,numeric_sanity_review
saxdor 320 gto,Saxdor,320 GTO,Saxdor 320 GTO,32.0,4,Xm613aUP2CU;r8vWlRS-pzk;C36ZTEgVFTY;ROBngp8vqCQ,14,category:sports-cruiser | length_feet=32 ft | air_conditioning=true | bow_thruster=true | cruise_speed_knots=30 kn | dynamic_positioning=true | engine_power_hp=300 hp | fuel_capacity_l=300 L | hardtop=true | joystick_control=true | max_observed_speed_knots=50 kn | offshore_capable=true | overnight_capable=true | premium_styling=true,
saxdor 340 gtwa,Saxdor,340 GTWA,Saxdor 340 GTWA,34.0,2,2JMin4bt_co;vhNIpnQP78o,11,category:walkaround-day-boat | length_feet=34 ft | air_conditioning=true | bow_thruster=true | engine_count=2 count | family_suitable=true | folding_balconies=true | fuel_capacity_l=490 L | joystick_control=true | overnight_capable=true | walkaround_decks=true,
saxdor 400 gts,Saxdor,400 GTS,Saxdor 400 GTS,40.0,2,sThX23SNQaI;g-92X4uxSM0,13,category:bowrider-runabout | category:centre-console | category:luxury-med-day-boat | category:sports-cruiser | category:walkaround-day-boat | length_feet=40 ft | air_conditioning=true | bow_thruster=true | cabins=2 count | folding_balconies=true | opening_sunroof=true | overnight_capable=true | premium_styling=true,
saxdor 400gto,Saxdor,400GTO,Saxdor 400GTO,40.0,2,nzOalL6-Nq4;YTi4UyvCMkU,7,length_feet=40 ft | air_conditioning=true | berths=4 count | cabins=2 count | cruise_speed_knots=31 kn | max_observed_speed_knots=36 kn | overnight_capable=true,
say 42,SAY,42,SAY 42,42.0,2,56YfmPMpPjs;kigHxmSu-WA,10,category:walkaround-day-boat | length_feet=42 ft | air_conditioning=true | berths=4 count | bow_thruster=true | cruise_speed_knots=30 kn | displacement_kg=4500 kg | drive_type=sterndrive | heads=2 count | max_observed_speed_knots=30 kn,
say 42 sport,SAY,42 SPORT,SAY 42 SPORT,42.0,2,8Xxv2hSD_Ug;hJiZNaUDyEs,10,category:walkaround-day-boat | length_feet=42 ft | air_conditioning=true | bow_thruster=true | cruise_speed_knots=32.5 kn | drive_type=sterndrive | engine_power_hp=430 hp | gyro_stabiliser=true | max_observed_speed_knots=30 kn | premium_styling=true,
say 52,SAY,52,SAY 52,52.0,1,tTofePQHu6o,15,category:power-catamaran | category:sport-yacht | category:walkaround-day-boat | length_feet=52 ft | air_conditioning=true | bow_thruster=true | cabins=3 count | drive_type=sterndrive | drive_type=surface-drive | galley=true | hull_form=power-catamaran | overnight_capable=true | premium_styling=true | tender_garage=true | watersports_suitable=true,multiple_values_review
schaefer 375,Schaefer,375,Schaefer 375,37.5,2,GsmCb7Gy66o;r_s2WjzSmJ4,16,category:bowrider-runabout | category:sports-cruiser | length_feet=37.5 ft | air_conditioning=true | drive_type=outboard | drive_type=sterndrive | engine_count=3 count | engine_power_hp=380 hp | family_suitable=true | folding_balconies=true | galley=true | generator=true | hardtop=true | overnight_capable=true | premium_styling=true | separate_shower=true,multiple_values_review
schaefer 400,Schaefer,400,Schaefer 400,40.0,2,aEp_Q1vIhPU;zjirNIchARg,13,category:sport-yacht | category:sports-cruiser | length_feet=40 ft | air_conditioning=true | bow_thruster=true | drive_type=outboard | drive_type=sterndrive | engine_power_hp=320 hp | fuel_capacity_l=400 L | galley=true | hardtop=true | premium_styling=true | separate_shower=true,multiple_values_review
schaefer 450,Schaefer,450,Schaefer 450,45.0,2,eQf4SdwEtcE;hM_vzSS96a8,14,category:sports-cruiser | category:walkaround-day-boat | length_feet=45 ft | air_conditioning=true | cabins=2 count | crew_cabin=true | cruise_speed_knots=21 kn | drive_type=ips-pod | drive_type=outboard | drive_type=sterndrive | engine_power_hp=650 hp | galley=true | generator=true | separate_shower=true,multiple_values_review
schaefer 600,Schaefer,600,Schaefer 600,60.0,2,h0EMmgpCteg;bnmm0eaovPo,17,category:flybridge-motor-yacht | category:sports-cruiser | length_feet=60 ft | air_conditioning=true | berths=2 count | cabins=3 count | crew_cabin=true | drive_type=ips-pod | drive_type=shaft | dynamic_positioning=true | folding_balconies=true | galley=true | heads=3 count | joystick_control=true | max_observed_speed_knots=20 kn | separate_shower=true | tender_garage=false,comparison_context_review;multiple_values_review
schaefer v33,Schaefer,V33,Schaefer V33,33.0,1,I_1pWaHZyLg,7,category:walkaround-day-boat | length_feet=33 ft | air_conditioning=true | drive_type=outboard | generator=true | overnight_capable=true | premium_styling=true,
schaefer v34,Schaefer,V34,Schaefer V34,34.0,2,xPh8tboy4og;vISYXot9BKM,15,category:luxury-med-day-boat | category:sports-cruiser | category:walkaround-day-boat | length_feet=34 ft | air_conditioning=true | bow_thruster=true | drive_type=outboard | dynamic_positioning=true | fuel_capacity_l=350 L | galley=true | generator=true | offshore_capable=true | overnight_capable=true | premium_styling=true | walkaround_decks=true,
schaefer v44,Schaefer,V44,Schaefer V44,44.0,4,RbTq_poKulc;bzLyZEerxTI;Xfqh-2kw3bg;gy9FpfqgsP4,23,category:chase-tender | category:luxury-med-day-boat | category:sport-yacht | category:sports-cruiser | category:walkaround-day-boat | category:weekender-commuter | length_feet=44 ft | air_conditioning=true | cruise_speed_knots=30 kn | drive_type=ips-pod | drive_type=outboard | drive_type=sterndrive | dynamic_positioning=true | fishing_suitable=true | fuel_capacity_l=650 L | galley=true | generator=true | max_observed_speed_knots=29 kn | overnight_capable=true | premium_styling=true | quiet_ride=true | separate_shower=true | water_capacity_l=275 L,comparison_context_review;multiple_values_review
schaefer 770,Schaefer,YACHTS 770,Schaefer YACHTS 770,77.0,2,SrnVtgPoBDk;NhImoV-oNFQ,16,category:walkaround-day-boat | length_feet=77 ft | air_conditioning=true | cabins=4 count | crew_cabin=true | cruise_speed_knots=7 kn | drive_type=ips-pod | engine_count=3 count | engine_power_hp=800 hp | galley=true | hardtop=true | hull_form=rib | max_observed_speed_knots=27 kn | opening_sunroof=true | overnight_capable=true | tender_garage=true,
scimitar 1010,Scimitar,1010,Scimitar 1010,33.14,3,83vNwbqkhpw;woledbfSdfs;nSQDOYUbAv4,15,category:weekender-commuter | length_feet=33.14 ft | berths=6 count | cruise_speed_knots=12 kn | draft_feet=3.28 ft | drive_type=outboard | drive_type=shaft | drive_type=sterndrive | engine_power_hp=195 hp | galley=true | generator=configuration-dependent | hull_form=rib | max_observed_speed_knots=12 kn | overnight_capable=true | solar=true,configuration_dependent;multiple_values_review
sea ray 230spx,Sea Ray,230SPX,Sea Ray 230SPX,23.0,1,3WV8oH3I7nM,10,category:walkaround-day-boat | length_feet=23 ft | cruise_speed_knots=30 kn | drive_type=outboard | drive_type=sterndrive | engine_power_hp=200 hp | fuel_capacity_l=40 L | overnight_capable=true | top_speed_knots=35 kn | watersports_suitable=true,multiple_values_review;numeric_sanity_review
sea ray 250,Sea Ray,250 SDX Outboard,Sea Ray 250 SDX Outboard,25.0,2,k-W5i82UZzc;ybn4HsqfA4w,11,category:bowrider-runabout | category:walkaround-day-boat | length_feet=25 ft | bow_thruster=true | drive_type=outboard | drive_type=sterndrive | family_suitable=true | fishing_suitable=true | fuel_capacity_l=60 L | max_observed_speed_knots=31 kn | watersports_suitable=true,multiple_values_review
sea ray 320 sundancer,Sea Ray,320 sundancer,Sea Ray 320 sundancer,32.0,2,82nEg--VX1w;Z2Lwx5hK4Lc,12,category:bowrider-runabout | category:walkaround-day-boat | length_feet=32 ft | air_conditioning=true | bow_thruster=true | drive_type=outboard | drive_type=sterndrive | engine_count=2 count | max_observed_speed_knots=30 kn | premium_styling=true | top_speed_knots=28 kn | watersports_suitable=true,comparison_context_review;multiple_values_review
sealine c335,Sealine,C335,Sealine C335,33.5,2,O_79HiUNxH4;1sjqNcdvpV4,20,category:sports-cruiser | category:walkaround-day-boat | category:weekender-commuter | length_feet=33.5 ft | air_conditioning=true | berths=2 count | bow_thruster=true | cabins=2 count | cruise_speed_knots=24.5 kn | drive_type=outboard | drive_type=sterndrive | engine_count=1 count | engine_power_hp=400 hp | family_suitable=true | galley=true | opening_sunroof=true | overnight_capable=true | premium_styling=true | separate_shower=true | top_speed_knots=26 kn,multiple_values_review
silvercat 34cc,Silvercat,34CC,Silvercat 34CC,34.0,2,x-vbuZR5s7o;RrvgpsWu2cY,8,category:chase-tender | category:power-catamaran | category:walkaround-day-boat | length_feet=34 ft | cruise_speed_knots=22 kn | engine_count=4 count | hull_form=power-catamaran | side_boarding_door=true,
silvercat 46,Silvercat,46 LUX,Silvercat 46 LUX,46.0,1,6seC9-1dbaw,8,category:power-catamaran | category:sport-yacht | length_feet=46 ft | air_conditioning=true | drive_type=outboard | drive_type=sterndrive | galley=true | hull_form=power-catamaran,multiple_values_review
silvercraft 32wa,Silvercraft,32WA,Silvercraft 32WA,32.0,1,y5cCEHNEYZI,4,length_feet=32 ft | air_conditioning=true | drive_type=outboard | galley=true,
silvercraft 47,Silvercraft,47,Silvercraft 47,47.0,1,2BKy06xIFWw,9,category:sports-cruiser | category:walkaround-day-boat | length_feet=47 ft | air_conditioning=true | drive_type=outboard | folding_balconies=true | fuel_capacity_l=1500 L | galley=true | overnight_capable=true,
sterk 31,Sterk,31 IN mallorca,Sterk 31 IN mallorca,31.0,3,Fkp8hxrsxNM;oNKgRZEntvI;Kjzlrv1J9b4,7,category:walkaround-day-boat | length_feet=31 ft | cruise_speed_knots=33.16 kn | drive_type=outboard | fuel_capacity_l=540 L | offshore_capable=true | overnight_capable=true,
storm bay 45,Storm Bay,45,Storm Bay 45,45.0,2,3ZQXdYf3TRo;CwXbDFcr4T4,20,category:walkaround-day-boat | category:weekender-commuter | length_feet=45 ft | air_conditioning=true | bow_thruster=true | cabins=2 count | cruise_speed_knots=17 kn | drive_type=hybrid | drive_type=shaft | engine_count=1 count | engine_power_hp=480 hp | fishing_suitable=true | fuel_capacity_l=700 L | galley=true | generator=true | heads=2 count | range_nm=500 nm | separate_shower=true | stern_thruster=true | water_capacity_l=700 L,multiple_values_review
sunseeker 55,Sunseeker,manhattan 55,Sunseeker manhattan 55,55.0,4,3SWKlM4-Nxo;lyabZADGTLI;Z663eGE41Ko;eTlPkIjlKg4,23,length_feet=55 ft | air_conditioning=true | bow_thruster=true | cabins=3 count | crew_cabin=true | cruise_speed_knots=26 kn | drive_type=ips-pod | drive_type=outboard | drive_type=shaft | drive_type=sterndrive | drive_type=surface-drive | dynamic_positioning=true | fuel_capacity_l=20 L | galley=true | generator=true | hardtop=true | heads=2 count | hull_form=rib | max_observed_speed_knots=16 kn | premium_styling=true | separate_shower=true | stern_thruster=true | tender_garage=true,comparison_context_review;multiple_values_review;numeric_sanity_review
tasman 80,Tasman,80 IN BASS STRAIT,Tasman 80 IN BASS STRAIT,26.25,2,kh36uvksEjc;xtjPhCisqfU,13,category:walkaround-day-boat | length_feet=26.25 ft | bow_thruster=true | cruise_speed_knots=22.5 kn | drive_type=outboard | drive_type=shaft | engine_power_hp=400 hp | fishing_suitable=true | fuel_capacity_l=35 L | long_range_suitable=true | premium_styling=true | stern_thruster=true | trailerable=true,multiple_values_review;numeric_sanity_review
technohull 40,Technohull,ALPHA 40,Technohull ALPHA 40,40.0,2,zhDno0MZj2M;DzHbuhDXo5o,16,category:walkaround-day-boat | length_feet=40 ft | beach_club=true | berths=2 count | bow_thruster=true | cruise_speed_knots=50 kn | drive_type=outboard | drive_type=sterndrive | dynamic_positioning=true | engine_count=2 count | engine_power_hp=400 hp | hull_form=rib | max_observed_speed_knots=60 kn | overnight_capable=true | premium_styling=true | solar=true,multiple_values_review
technohull 50,Technohull,ALPHA 50,Technohull ALPHA 50,50.0,2,9QOcdiyCM8Y;O18npW0XNC4,13,length_feet=50 ft | air_conditioning=true | bow_thruster=true | crew_cabin=true | cruise_speed_knots=45 kn | displacement_kg=7000 kg | drive_type=outboard | engine_power_hp=450 hp | fuel_capacity_l=800 L | generator=true | hull_form=rib | long_range_suitable=true | water_capacity_l=200 L,
technohull gtx,Technohull,GTX,Technohull GTX,35.1,2,R8InZglqxR0;k_0cwh40riU,9,length_feet=35.1 ft | bow_thruster=true | cruise_speed_knots=40 kn | hull_form=rib | max_observed_speed_knots=50 kn | offshore_capable=true | overnight_capable=true | solar=true | top_speed_knots=50 kn,
tesoro t40,Tesoro,T40 YACHT,Tesoro T40 YACHT,40.0,4,CQAG94_N2ms;bzZYp8_1EwA;4vZ8r00vcwU;yBWTPiT74rk,18,category:luxury-med-day-boat | category:luxury-rib | category:sports-cruiser | category:walkaround-day-boat | length_feet=40 ft | air_conditioning=true | bow_thruster=true | cruise_speed_knots=32 kn | drive_type=outboard | drive_type=sterndrive | engine_power_hp=350 hp | fuel_capacity_l=950 L | generator=true | hardtop=true | hull_form=rib | offshore_capable=true | overnight_capable=true | premium_styling=true,comparison_context_review;multiple_values_review
tesoro t50,Tesoro,T50,Tesoro T50,50.0,2,x3H_h01sQpc;3retXTH4xDk,13,category:luxury-med-day-boat | category:walkaround-day-boat | length_feet=50 ft | beach_club=true | cabins=3 count | crew_cabin=true | cruise_speed_knots=36.5 kn | drive_type=outboard | dynamic_positioning=true | generator=true | max_observed_speed_knots=18 kn | overnight_capable=true | tender_garage=true,
toy marine 36,Toy Marine,36,Toy Marine 36,36.0,2,ToGp7PmWpU0;6L_YKjH_Jzk,20,category:centre-console | category:walkaround-day-boat | category:weekender-commuter | length_feet=36 ft | air_conditioning=true | beach_club=true | cruise_speed_knots=25 kn | drive_type=outboard | drive_type=shaft | dynamic_positioning=true | engine_power_hp=370 hp | family_suitable=true | fuel_capacity_l=950 L | galley=true | generator=true | opening_sunroof=true | overnight_capable=true | premium_styling=true | stern_thruster=true | top_speed_knots=33 kn,comparison_context_review;multiple_values_review
valhalla boatworks 41,Valhalla Boatworks,41,Valhalla Boatworks 41,41.0,2,OMIppKSGJL4;IWqh334-xDM,8,length_feet=41 ft | bow_thruster=true | engine_count=2 count | engine_power_hp=400 hp | fuel_capacity_l=100 L | offshore_capable=true | overnight_capable=true | side_boarding_door=true,
wellcraft 28 t top,Wellcraft,28 T TOP,Wellcraft 28 T TOP,28.0,1,4ySKv5ni544,9,category:bowrider-runabout | category:walkaround-day-boat | length_feet=28 ft | air_conditioning=true | bow_thruster=true | engine_count=2 count | overnight_capable=true | side_boarding_door=true | solar=true,
wellcraft 355,Wellcraft,355,Wellcraft 355,35.5,3,KreIDfMbQU0;ojpJKCcupV8;167AMX8YtOU,10,category:centre-console | length_feet=35.5 ft | air_conditioning=true | bow_thruster=true | cruise_speed_knots=31 kn | drive_type=outboard | fishing_suitable=true | overnight_capable=true | premium_styling=true | water_capacity_l=160 L,
wellcraft 435,Wellcraft,435,Wellcraft 435,43.5,1,uQkIosrI6Z0,10,length_feet=43.5 ft | air_conditioning=true | cruise_speed_knots=31 kn | engine_count=3 count | engine_power_hp=350 hp | joystick_control=true | max_observed_speed_knots=33 kn | overnight_capable=true | premium_styling=true | quiet_ride=true,
whitehaven 6000 flybridge,Whitehaven,6000 flybridge,Whitehaven 6000 flybridge,60.0,2,JO0VRyw-aq4;5sZyTmAZE0U,16,length_feet=60 ft | air_conditioning=true | cabins=3 count | drive_type=ips-pod | drive_type=outboard | drive_type=shaft | dynamic_positioning=true | engine_power_hp=1300 hp | fuel_capacity_l=500 L | generator=true | heads=3 count | premium_styling=true | separate_shower=true | stern_thruster=true | tender_garage=true | watermaker=true,multiple_values_review
whitehaven 40,Whitehaven,harbour classic 40,Whitehaven harbour classic 40,40.0,2,jSmDVaoMub8;KaBG2Ew0rIE,14,length_feet=40 ft | air_conditioning=true | drive_type=outboard | drive_type=shaft | dynamic_positioning=true | engine_count=1 count | engine_power_hp=550 hp | galley=true | generator=true | max_observed_speed_knots=19 kn | opening_sunroof=true | premium_styling=true | separate_shower=true | solar=true,multiple_values_review
whitehaven 52,Whitehaven,Harbour Classic 52,Whitehaven Harbour Classic 52,52.0,2,Js0IoYY357I;Q18O4YcJ5AE,14,length_feet=52 ft | air_conditioning=true | bow_thruster=true | cabins=2 count | cruise_speed_knots=27 kn | drive_type=ips-pod | drive_type=shaft | engine_power_hp=800 hp | galley=true | generator=true | heads=2 count | max_observed_speed_knots=22 kn | opening_sunroof=true | tender_garage=true,multiple_values_review
wiszniewski w43,Wiszniewski,W-43,Wiszniewski W-43,43.0,2,emSn5apclwA;iz0nBcsVseg,11,category:luxury-med-day-boat | category:walkaround-day-boat | length_feet=43 ft | air_conditioning=true | drive_type=outboard | dynamic_positioning=true | family_suitable=true | offshore_capable=true | opening_sunroof=true | separate_shower=true | watersports_suitable=true,
xo 8,XO,DFNDR 8 SINGLE mercury,XO DFNDR 8 SINGLE mercury,26.25,4,9VZt_ccx39E;b4Jk2XOTUX4;THflbBzWyHs;uPYOOcinUPI,6,category:weekender-commuter | length_feet=26.25 ft | air_conditioning=true | bow_thruster=true | drive_type=outboard | engine_power_hp=450 hp,
xo 9,XO,DFNDR 9,XO DFNDR 9,29.53,4,4QlZfVNIv2U;6wJCFBAmbOw;WnoQsUa3yUQ;x5pOa4YPFi0,14,category:adventure | category:walkaround-day-boat | length_feet=29.53 ft | air_conditioning=true | bow_thruster=true | cruise_speed_knots=22.5 kn | drive_type=outboard | engine_count=2 count | engine_power_hp=350 hp | fuel_capacity_l=450 L | max_observed_speed_knots=30 kn | opening_sunroof=true | premium_styling=true | watersports_suitable=true,
xo 9 t top,XO,DSCVR 9 T TOP,XO DSCVR 9 T TOP,29.53,2,n2PPCH0oexo;5cRvxg5HEmk,8,category:bowrider-runabout | length_feet=29.53 ft | bow_thruster=true | drive_type=outboard | drive_type=sterndrive | engine_power_hp=400 hp | premium_styling=true | watersports_suitable=true,multiple_values_review
yot 36,YOT,36,YOT 36,36.0,2,GzCNL1nuM84;Pd_NrEIqdyU,10,category:bowrider-runabout | category:power-catamaran | length_feet=36 ft | air_conditioning=configuration-dependent | drive_type=outboard | engine_power_hp=300 hp | generator=true | hardtop=true | hull_form=power-catamaran | max_observed_speed_knots=4 kn,configuration_dependent;numeric_sanity_review
zar 130,ZAR,imagine 130 YACHT,ZAR imagine 130 YACHT,130.0,2,kUgydHZqi9k;aVZt2VJeHhU,15,category:chase-tender | category:walkaround-day-boat | category:weekender-commuter | length_feet=130 ft | air_conditioning=true | bow_thruster=true | drive_type=outboard | dynamic_positioning=true | engine_power_hp=600 hp | hull_form=rib | max_observed_speed_knots=47 kn | overnight_capable=true | separate_shower=true | tender_garage=true | water_capacity_l=250 L,
zodiac 6,Zodiac,medline 6.8,Zodiac medline 6.8,22.31,1,pLNqh48zPRk,7,length_feet=22.31 ft | cruise_speed_knots=28 kn | engine_power_hp=150 hp | fishing_suitable=true | fuel_capacity_l=200 L | hull_form=rib | watersports_suitable=true,
